Neighborhood name,Total population,Men,Women,Population aged 0 to 4,Population aged 5 to 14,Population aged 15 to 64,Population over 65,Rate of dependecy youth,Rate of dependency elderly,Rate of dependency total,Aging index,Sex ratio,Children per 1000 women,Mortality rate,Total occupied permanent private households,Own property %,Rented property %,Assigned property %,Other forms of occupation %,Electrical connection present %,Garbage collected %,Garbage burnt %,Grabage buried %,Garbage thrown on vacant land or public place %,Garbage thrown in river lake or sea %,Garbage brought to other destination %,Water by general connection %,Water by well %,Water by other means %,Population aged 10 and over,Literate people over the age of 10,Literary rate,Average income of people aged 10 and over with income,Earing up to minimum wage %,Earning more than minimum wage %,No income %
Total in Vitoria,"327,801","153,948","173,853",19598,43522,237733,26948,26.6,11.3,37.9,42.7,88.6,22.28,4.7,"108,515",71.2,23.0,5.6,0.3,99.9,99.8,0.1,0,0.1,0,0,99.3,0.7,0,"288,311","280,065",97.1,2407.92,15.4,53.6,31.0
Andorinhas ,"2,031",977,"1,054",141,279,"1,487",124,28.2,8.3,36.6,29.5,92.7,24.9,4.9,652,54.1,28.2,17.2,0,100,99.9,0.2,0,0,0,0,99.7,0.2,0.2,"1,766","1,687",95.5,972.58,17.2,46.5,36.3
Antonio Honório,"1,347",599,748,52,128,967,200,18.6,20.7,39.3,111.1,80.1,16.8,6.7,426,64.3,22.1,11.0,2.6,100,100,0,0,0,0,0,100.0,0,0,"1,246","1,233",99.0,2148.76,13.6,56.6,29.8
Ariovaldo Favalessa ,787,343,444,54,120,541,72,32.2,13.3,45.5,41.4,77.3,26.2,8.9,241,67.6,16.6,15.8,0,99.6,100,0,0,0,0,0,100.0,0,0,679,661,97.4,1115.79,21.7,45.7,32.7
Barro Vermelho,"5,629","2,634","2,995",272,579,"4,297",481,19.8,11.2,31.0,56.5,87.9,18.7,3.6,"2,008",78.8,18.1,2.9,0,100,99.9,0.2,0,0,0,0,100.0,0.1,0,"5,101","5,084",99.7,5419.79,3.8,68.4,27.8
Bela Vista ,"4,371","2,102","2,269",346,785,"3,002",238,37.7,7.9,45.6,21.0,92.6,30.9,4.6,"1,317",76.8,16.9,6.2,0,100,99.8,0.2,0,0,0,0,99.9,0,0.1,"3,669","3,451",94.1,911.2,23.9,41.1,35.0
Bento Ferreira ,"5,569","2,594","2,975",255,578,"4,091",645,20.4,15.8,36.1,77.4,87.2,19.1,5.4,"1,970",79.1,17.3,3.5,0,100,99.8,0.2,0,0.1,0,0,100.0,0.1,0,"5,058","5,024",99.3,3591.9,7,66.9,26.1
Boa Vista,"1,183",557,626,76,150,873,84,25.9,9.6,35.5,37.2,89.0,24.2,2.5,378,68.0,24.3,7.7,0,99.7,100,0,0,0,0,0,99.7,0.3,0,"1,032","1,001",97.0,1438.33,18.6,53.4,28.0
Bonfim ,"7,106","3,374","3,732",548,"1,176","4,846",536,35.6,11.1,46.6,31.1,90.4,30.3,5.3,"2,116",65.0,22.6,12.2,0,99.9,99.9,0,0,0.1,0,0,98.8,0.9,0.3,"6,028","5,708",94.7,1034.49,24.4,42.4,33.2
Carapina I ,"2,125","1,000","1,125",108,233,"1,580",204,21.6,12.9,34.5,59.8,88.9,20.9,5.2,688,65.1,27.9,7.0,0,100,100,0,0,0,0,0,95.8,4.2,0,"1,915","1,882",98.3,1650.41,13.7,57.6,28.7
Caratoíra ,"5,149","2,370","2,779",358,821,"3,538",432,33.3,12.2,45.5,36.6,85.3,28.3,9.3,"1,556",75.0,19.5,5.3,0,99.6,99.7,0.3,0,0.1,0,0,99.6,0.4,0.1,"4,415","4,256",96.4,933.18,24.2,34.9,40.9
Centro ,"9,838","4,416","5,422",378,896,"7,114","1,450",17.9,20.4,38.3,113.8,81.4,16.4,6.1,"3,767",71.3,24.0,4.5,0,100,100,0,0,0,0,0,99.8,0.2,0,"9,051","8,950",98.9,2393.05,10.6,64.2,25.2
Condusa ,894,438,456,74,154,621,45,36.7,7.2,44.0,19.7,96.1,30.1,6.7,283,82.0,15.9,2,0,100,99.3,0.4,0,0,0,0.4,99.7,0.4,0,743,727,97.9,706.92,24.4,28.8,46.8
Conquista ,"1,914",926,988,201,429,"1,211",73,52.0,6.0,58.1,11.6,93.7,39.6,2.6,547,77.0,16.6,6.2,0,99.8,100,0,0,0,0,0,98.2,1.8,0,"1,514","1,355",89.5,885.73,31.5,31.5,37.0
Consolação ,"2,766","1,284","1,482",183,449,"1,911",223,33.1,11.7,44.7,35.3,86.6,25.5,5.1,855,77.0,16.7,5.7,1,99.9,97.4,1.2,0,1.3,0,0.1,99.7,0.1,0.2,"2,374","2,294",96.6,1323.14,19.1,41.8,39.1
Cruzamento ,"2,407","1,198","1,209",208,489,"1,557",153,44.8,9.8,54.6,22.0,99.1,37.2,4.2,685,79.0,16.5,4.5,0,99.9,99.1,0.6,0,0.2,0,0.2,99.3,0.2,0.6,"1,959","1,837",93.8,910.76,27.6,34.1,38.3
Da Penha,"5,603","2,678","2,925",449,955,"3,804",395,36.9,10.4,47.3,28.1,91.6,31.6,4.8,"1,641",66.4,21.3,12.4,0,99.8,99.9,0.1,0,0,0,0,99.2,0.8,0,"4,722","4,469",94.6,985.87,24.9,37.4,37.7
De Fátima ,"3,595","1,701","1,894",152,440,"2,748",255,21.5,9.3,30.8,43.1,89.8,15.8,5.6,"1,222",56.1,38.1,5.2,1,100,99.8,0.1,0,0.1,0,0,80.1,19.8,0.1,"3,244","3,192",98.4,1888.95,11.7,57.9,30.5
De Lourdes,"1,920",896,"1,024",94,208,"1,412",206,21.4,14.6,36.0,68.2,87.5,19.9,5.2,630,72.5,22.7,4.6,0,100,99.8,0.2,0,0,0,0,99.7,0.3,0,"1,735","1,710",98.6,2697.88,10.0,63.1,26.9
Do Cabral ,"1,623",779,844,137,262,"1,118",106,35.7,9.5,45.2,26.6,92.3,33.4,6.8,507,78.3,17.2,4.3,0,100,98.8,1.0,0,0.2,0,0,100.0,0,0,"1,358","1,275",93.9,877.95,29.3,34.8,35.9
Do Moscoso ,795,369,426,70,147,519,59,41.8,11.4,53.2,27.2,86.6,34.8,6.3,228,73.7,16.2,9.7,0,100,100.0,0,0,0,0,0,100.0,0,0,656,625,95.3,1001.1,28.1,36.6,35.4
Do Quadro,"1,041",488,553,59,171,712,99,32.3,13.9,46.2,43.0,88.2,23.9,6.7,314,78.7,14.0,6.7,1,100,100.0,0,0,0,0,0,100.0,0,0,911,892,97.9,1188.11,21.6,46.8,31.6
Enseada do Suá ,"1,062",516,546,66,122,780,94,24.1,12.1,36.2,50.0,94.5,24.0,2.8,371,67.4,24.8,6.7,1,100,100.0,0,0,0,0,0,99.5,0.5,0,932,922,98.9,4856.07,7.4,66.6,26.0
Estrelinha ,"2,381","1,175","1,206",199,419,"1,636",127,37.8,7.8,45.5,20.6,97.4,31.9,3.4,709,72.2,19.6,8.0,0,99.9,98.5,0.1,0,1.3,0,0.1,99.9,0.1,0,"1,987","1,882",94.7,861.41,26.2,39.4,34.4
Fonte Grande ,"1,231",592,639,76,198,870,87,31.5,10.0,41.5,31.8,92.6,26.2,6.5,353,80.2,16.7,2.6,1,100,98.3,1.7,0,0.0,0,0,98.3,1.7,0,"1,075","1,015",94.4,1055.61,30.2,36.7,33.1
Forte São João ,"1,553",723,830,100,264,"1,053",136,34.6,12.9,47.5,37.4,87.1,24.7,3.2,466,75.5,19.5,4.7,0,100,99.8,0.0,0,0.2,0,0,100.0,0,0,"1,333","1,266",95.0,1134.32,25.1,42.6,32.3
Fradinhos ,"1,756",855,901,68,183,"1,280",225,19.6,17.6,37.2,89.6,94.9,17.2,4.6,575,81.7,16.5,2,0,100,99.3,0.4,0.4,0,0,0,99.3,0.7,0,"1,614","1,586",98.3,3009.93,11.1,60.2,28.8
Goiabeiras ,"2,633","1,255","1,378",116,331,"1,956",230,22.9,11.8,34.6,51.5,91.1,17.2,4.2,876,64.8,28.3,6.7,0,99.7,99.9,0,0,0.1,0,0,99.8,0.2,0,"2,375","2,311",97.3,1434.73,18.4,50.6,31.1
Grande Vitória,"4,402","2,087","2,315",372,817,"3,017",196,39.4,6.5,45.9,16.5,90.2,31.3,6.1,"1,339",65.4,23.2,11.5,0,99.8,97.4,0.5,0.1,2.1,0,0,99.9,0.1,0,"3,630","3,452",95.1,852.29,25.3,35.6,39.1
Gurigica,"5,997","2,877","3,120",464,"1,093","4,111",329,37.9,8.0,45.9,21.1,92.2,29.5,5.7,"1,666",78.2,16.3,5.3,0,99.9,99.5,0.4,0,0.2,0,0,99.6,0.3,0.1,"5,041","4,610",91.5,811.09,28.5,35.1,36.4
Hélio Ferraz,"2,906","1,408","1,498",190,412,"2,110",194,28.5,9.2,37.7,32.2,94.0,24.7,6.9,907,63.4,30.9,5.6,0,99.9,100,0,0,0,0,0,96.8,3.2,0,"2,536","2,460",97.0,1452.84,15.0,54.4,30.6
Horto ,98,48,50,4,9,73,12,17.8,16.4,34.2,92.3,96.0,20.0,0.0,27,88.9,11.1,0.0,0,100,100,0,0,0,0,0,100.0,0,0,89,88,98.9,1577.56,21.3,42.7,36.0
Ilha das Caieiras ,"1,845",906,939,146,391,"1,253",55,42.9,4.4,47.2,10.2,96.5,30.0,4.9,536,75.0,17.2,7.7,0,99.8,100,0,0,0,0,0,99.6,0,0.4,"1,524","1,466",96.2,787.97,27.8,34.0,38.3
Ilha de Santa Maria ,"2,325","1,086","1,239",117,290,"1,659",259,24.5,15.6,40.1,63.6,87.7,19.9,6.0,771,59.8,31.5,8.7,0,100,98.3,0,0,1.7,0,0,100.0,0,0,"2,071","2,010",97.1,1296.92,20.9,52.3,26.8
Ilha do Boi ,"1,111",542,569,48,118,793,152,20.9,19.2,40.1,91.6,95.3,19.8,1.8,340,87.7,10.0,2,0,99.7,99.7,0.3,0,0,0,0,98.2,1.8,0,"1,020","1,002",98.2,7164.39,7.1,61.4,31.6
Ilha do Frade ,418,206,212,15,47,301,55,20.6,18.3,38.9,88.7,97.2,16.3,7.2,116,95.7,3.5,1,0,100,100,0,0,0,0,0,100.0,0,0,379,376,99.2,14836.74,2.4,70.7,26.9
Ilha do Príncipe,"2,613","1,194","1,419",157,405,"1,816",235,30.9,12.9,43.9,41.8,84.1,23.3,6.9,836,64.6,29.7,5.6,0,100,100,0,0,0,0,0,100.0,0,0,"2,279","2,196",96.4,935.63,23.3,43.3,33.4
Inhanguetá,"4,154","2,030","2,124",315,786,"2,814",239,39.1,8.5,47.6,21.7,95.6,30.1,4.1,"1,230",80.4,14.1,5.5,0,99.6,100,0,0,0,0,0,99.6,0.2,0.2,"3,487","3,343",95.9,881.01,19.9,41.9,38.2
Itararé ,"7,913","3,771","4,142",528,"1,214","5,570",601,31.3,10.8,42.1,34.5,91.0,25.1,4.8,"2,495",62.6,27.4,9.6,0.4,100,100,0,0,0,0,0,99.7,0.2,0,"6,848","6,523",95.3,1015.74,21.8,44.5,33.7
Jabour ,"1,066",540,526,41,91,811,123,16.3,15.2,31.4,93.2,102.7,15.5,3.8,339,61.1,38.1,0.9,0,100,100,0,0,0,0,0,100.0,0,0,990,968,97.8,2362.45,7.2,63.3,29.5
Jardim Camburí,"39,157","18,230","20,927","2,174","4,069","30,568","2,346",20.4,7.7,28.1,37.6,87.1,19.3,2.6,"14,451",71.5,25.1,3.0,0.4,100,100,0,0,0,0,0,98.3,1.8,0,"35,046","34,836",99.4,3066.59,6.3,67.4,26.3
Jardim da Penha ,"30,571","13,702","16,869","1,194","2,465","24,003","2,909",15.2,12.1,27.4,79.5,81.2,14.2,3.6,"11,445",69.4,27.0,3.6,0.1,100,99.9,0,0,0.1,0,0.1,99.8,0.1,0.1,"28,292","28,104",99.3,3429.34,7.0,66.2,26.8
Jesus de Nazareth ,"2,565","1,238","1,327",177,498,"1,774",116,38.0,6.5,44.6,17.2,93.3,26.2,3.5,739,74.6,19.9,5.3,0,99.7,99.3,0.4,0,0.3,0,0,99.9,0.1,0,"2,164","2,062",95.3,864.64,26.4,34.2,39.4
Joana D'arc ,"2,853","1,394","1,459",200,422,"2,052",179,30.3,8.7,39.0,28.8,95.5,27.1,2.8,888,64.0,24.9,10.9,0,100,100,0,0,0,0,0,100.0,0,0,"2,462","2,379",96.6,1416.88,14.0,49.0,37.0
Jucutuquara,"1,515",689,826,69,152,"1,073",221,20.6,20.6,41.2,100.0,83.4,19.8,7.9,532,60.3,25.4,14.1,0,100,100,0,0,0,0,0,100.0,0,0,"1,376","1,343",97.6,2006.2,13.6,61.6,24.9
Maria Ortiz ,"13,197","6,264","6,933",922,"1,964","9,540",771,30.3,8.1,38.3,26.7,90.4,25.7,5.1,"4,242",58.8,34.1,6.9,0,99.8,99.9,0,0,0,0,0.1,99.9,0.1,0,"11,391","10,896",95.7,1127.67,20.6,48.7,30.8
Mário Cypreste ,"1,145",561,584,49,155,851,90,24.0,10.6,34.5,44.1,96.1,15.1,4.4,385,76.1,21.3,2.3,0,100,99.7,0.3,0,0,0,0,99.7,0,0.3,"1,025",999,97.5,882.48,21.2,46.6,32.2
Maruípe ,"3,859","1,789","2,070",158,433,"2,814",454,21.0,16.1,37.1,76.8,86.4,16.6,5.2,"1,294",69.6,24.8,5.6,0,100,99.9,0.2,0,0,0,0,99.8,0.2,0,"3,507","3,458",98.6,2016.36,12.1,60.6,27.4
Mata da Praia ,"10,594","5,005","5,589",431,"1,147","8,035",981,19.6,12.2,31.8,62.2,89.6,16.9,1.6,"3,460",81.7,16.0,2.2,0,100,100,0,0,0,0,0,99.9,0.1,0,"9,682","9,646",99.6,5986.95,3.7,65.1,31.2
Monte Belo ,"1,988",921,"1,067",104,261,"1,362",261,26.8,19.2,46.0,71.5,86.3,22.3,5.5,604,61.4,26.0,11.4,1,100,99.3,0.7,0,0,0,0,100.0,0,0,"1,770","1,687",95.3,1309.67,20.1,50.4,29.6
Morada de Camburí,"1,164",549,615,36,114,902,112,16.6,12.4,29.0,74.7,89.3,12.5,6.0,370,77.3,17.0,5.4,0,100,100,0,0,0,0,0,99.5,0.5,0,"1,081","1,073",99.3,3662.74,8.1,64.3,27.7
Nazareth,586,274,312,20,72,415,79,22.2,19.0,41.2,85.9,87.8,15.9,8.5,188,81.9,14.9,3.2,0,100,100,0,0,0,0,0,100.0,0,0,535,529,98.9,2121.99,11.2,60.8,28.0
Nova Palestina,"6,471","3,117","3,354",601,"1,316","4,311",243,44.5,5.6,50.1,12.7,92.9,34.8,5.6,"1,858",72.3,23.1,4.2,0,99.7,100,0,0,0,0,0,99.7,0.2,0.1,"5,284","4,886",92.5,771.56,29.2,33.1,37.8
Parque Industrial,12,6,6,-,2,10,0,20.0,0.0,20.0,0.0,100.0,0.0,0.0,5,20.0,20.0,60.0,0,100,100,0,0,0,0,0,100.0,0,0,10,8,80.0,638.33,40.0,20.0,40.0
Parque Moscoso ,"1,773",791,982,65,164,"1,227",317,18.7,25.8,44.5,138.4,80.5,16.3,6.2,663,70.0,22.0,7.7,0,100,100,0,0,0,0,0,100.0,0,0,"1,626","1,607",98.8,2375.76,10.3,63.5,26.1
Piedade ,323,149,174,29,57,221,16,38.9,7.2,46.2,18.6,85.6,31.9,3.1,85,83.5,10.6,5.9,0,100,98.8,0,1.2,0,0,0,98.8,0,1.2,267,247,92.5,1243.31,23.6,39.3,37.1
Pontal de Camburí ,889,452,437,44,94,650,101,21.2,15.5,36.8,73.2,103.4,21.0,4.5,280,75.7,20.4,3.9,0,100,100,0,0,0,0,0,100.0,0,0,797,787,98.8,2279.23,10.2,55.6,34.3
Praia do Canto,"15,147","6,845","8,302",625,"1,309","11,146","2,067",17.4,18.5,35.9,106.9,82.5,17.4,3.3,"5,630",77.6,19.0,3.2,0.2,100,100,0,0,0,0,0,99.8,0.2,0,"13,954","13,852",99.3,5849.47,5.0,68.7,26.1
Praia do Suá ,"2,885","1,407","1,478",191,399,"2,077",218,28.4,10.5,38.9,36.9,95.2,25.6,6.6,899,71.0,22.4,6.0,1,100,99.9,0,0,0,0,0.1,100.0,0,0,"2,516","2,427",96.5,1974.36,21.4,44.5,34.1
Redenção ,"3,125","1,476","1,649",273,556,"2,161",135,38.4,6.2,44.6,16.3,89.5,32.4,9.0,960,67.9,24.8,6.6,1,99.9,99.8,0,0,0.2,0,0,99.9,0.1,0,"2,595","2,418",93.2,795.59,27.9,36.9,35.2
República ,"3,760","1,697","2,063",143,343,"2,628",646,18.5,24.6,43.1,132.9,82.3,16.1,11.2,"1,274",71.6,23.9,4.6,0,100,100,0,0,0,0,0,99.5,0.5,0,"3,463","3,433",99.1,2141.72,11.0,61.6,27.3
Resistência ,"6,620","3,194","3,426",570,"1,223","4,556",271,39.4,5.9,45.3,15.1,93.2,32.2,5.1,"1,983",78.0,14.5,7.5,0,99.9,99.8,0.1,0,0.1,0,0.1,99.7,0.2,0.2,"5,512","5,184",94.1,781.37,29.0,34.6,36.5
Romão ,"3,096","1,511","1,585",259,588,"2,059",190,41.1,9.2,50.4,22.4,95.3,33.5,5.5,872,75.5,19.6,4.9,0,100,99.5,0.1,0.1,0.2,0,0,99.9,0,0.1,"2,568","2,394",93.2,903.73,28.9,35.6,35.4
Santa Cecília ,"1,264",591,673,56,116,962,130,17.9,13.5,31.4,75.6,87.8,17.6,4.7,413,68.0,27.9,3.2,1,100,99.5,0.5,0,0,0,0,98.1,1.7,0.2,"1,155","1,141",98.8,2518.83,9.9,62.2,28.0
Santa Clara ,"1,608",761,847,99,192,"1,116",201,26.1,18.0,44.1,69.1,89.8,26.5,4.4,548,69.9,26.1,3.5,1,99.8,100,0,0,0,0,0,99.5,0.4,0.2,"1,409","1,377",97.7,2099.5,14.4,57.5,28.1
Santa Helena ,"2,372","1,110","1,262",114,217,"1,762",279,18.8,15.8,34.6,84.3,88.0,19.8,3.4,891,80.8,17.2,1.9,0,100,99.8,0.2,0,0,0,0,98.7,1.3,0,"2,143","2,122",99.0,6190.04,4.7,69.0,26.1
Santa Lúcia ,"4,367","2,050","2,317",151,387,"3,300",529,16.3,16.0,32.3,98.3,88.5,13.8,6.2,"1,460",75.2,20.4,3.9,0,100,99.9,0.1,0,0.1,0,0,99.9,0.1,0,"4,049","4,015",99.2,3850.42,6.8,65.8,27.4
Santa Luíza,"1,245",578,667,58,138,940,109,20.9,11.6,32.4,55.6,86.7,16.9,1.6,418,75.4,22.3,2.4,0,100,100,0,0,0,0,0,100.0,0,0,"1,124","1,116",99.3,3492.87,8.8,61.1,30.1
Santa Martha,"8,456","4,097","4,359",628,"1,312","6,011",505,32.3,8.4,40.7,26.0,94.0,27.5,5.6,"2,747",67.9,20.4,11.6,0,99.9,100,0,0,0,0,0,99.9,0.1,0,"7,203","6,915",96.0,1087.47,22.4,45.8,31.8
Santa Tereza,"3,343","1,567","1,776",236,459,"2,367",281,29.4,11.9,41.2,40.4,88.2,27.3,5.4,"1,034",73.7,20.3,4.9,1.1,99.8,99.8,0.1,0,0.1,0,0,99.7,0.2,0.1,"2,883","2,779",96.4,1327.71,9.9,45.9,44.2
Santo André ,"3,054","1,461","1,593",273,575,"2,081",125,40.7,6.0,46.8,14.7,91.7,34.1,6.5,914,64.2,25.3,10.4,0,100,100,0,0,0,0,0,99.8,0.1,0.1,"2,519","2,361",93.7,784.43,29.1,38.5,32.4
Santo Antônio ,"5,947","2,712","3,235",325,884,"4,161",577,29.1,13.9,42.9,47.7,83.8,21.7,4.7,"1,881",75.5,20.3,4.1,0,100,99.9,0.1,0,0,0.1,0,99.8,0.2,0,"5,226","5,062",96.9,1266.99,18.9,47.6,33.5
Santos Dumont ,"1,850",866,984,114,293,"1,282",161,31.7,12.6,44.3,39.6,88.0,23.6,4.3,573,80.3,16.4,3.3,0,100,100,0,0,0,0,0,100.0,0,0,"1,595","1,532",96.1,994.78,23.3,45.3,31.4
Santos Reis,"1,049",483,566,95,213,706,35,43.6,5.0,48.6,11.4,85.3,31.7,4.8,318,73.6,19.8,6.6,0,99.7,100,0,0,0,0,0,99.7,0,0.3,865,826,95.5,716.56,33.1,29.9,37.0
São Benedito ,"2,789","1,338","1,451",254,579,"1,789",167,46.6,9.3,55.9,20.0,92.2,35.1,6.5,789,67.4,18.1,14.1,0,100,99.2,0,0,0.8,0,0,99.4,0.5,0.1,"2,246","2,033",90.5,789.63,26.5,30.2,43.3
São Cristovão ,"4,182","2,026","2,156",227,541,"3,059",355,25.1,11.6,36.7,46.2,94.0,21.4,7.2,"1,319",73.5,21.0,5.5,0,100,100,0,0,0,0,0,100.0,0,0,"3,701","3,577",96.7,1345.79,19.8,49.0,31.1
São José,"4,480","2,190","2,290",413,883,"3,010",174,43.1,5.8,48.8,13.4,95.6,34.8,2.9,"1,260",67.2,23.1,9.4,0,99.8,99.3,0,0,0,0,0.7,100.0,0,0,"3,614","3,423",94.7,805.25,26.5,37.7,35.8
São Pedro ,"4,294","2,042","2,252",331,750,"2,992",221,36.1,7.4,43.5,20.4,90.7,29.0,6.8,"1,295",72.0,21.7,6.3,0,99.9,99.8,0.1,0,0.2,0,0,99.7,0.3,0,"3,612","3,383",93.7,872.64,26.8,38.6,34.6
Segurança do Lar ,550,263,287,16,58,418,58,17.7,13.9,31.6,78.4,91.6,11.1,3.6,179,49.2,42.5,8.4,0,100,100,0,0,0,0,0,100.0,0,0,505,496,98.2,1681.78,15.1,58.6,26.3
Solon Borges,"1,523",706,817,77,184,"1,051",211,24.8,20.1,44.9,80.8,86.4,20.4,6.6,520,63.5,25.8,10.6,0,100,100,0,0,0,0,0,100.0,0,0,"1,356","1,332",98.2,1509.64,15.0,59.3,25.7
Tabuazeiro ,"6,496","3,118","3,378",404,952,"4,667",473,29.1,10.1,39.2,34.9,92.3,23.7,4.5,"2,082",70.2,22.0,7.5,0,99.9,99.2,0,0,0.7,0,0,99.6,0.4,0,"5,643","5,455",96.7,1228.88,20.3,48.0,31.7
Universitário ,918,459,459,63,146,675,34,31.0,5.0,36.0,16.3,100.0,25.1,2.2,283,64.3,32.9,2.5,0,100,100,0,0,0,0,0,99.7,0.4,0,778,743,95.5,1576.66,17.1,52.2,30.7
Vila Rubim ,"1,430",667,763,80,165,"1,017",168,24.1,16.5,40.6,68.6,87.4,22.7,9.8,472,62.1,32.0,3.8,2.1,100,100,0,0,0,0,0,100.0,0.0,0,"1,275","1,240",97.3,1297.75,21.1,48.1,30.8